Metric,Result
weightedAreaUnderROC,0.5936218330707457
weightedFMeasure,0.6754411625599592
weightedPrecision,0.7405794381841703
weightedRecall,0.7723076923076924
errorRate,0.2276923076923077